cell,category,language,run,source_domain,source_type
QT-EN,QT,en,1,mai-ko.com,自社
QT-EN,QT,en,1,tea-kyoto.com,自社
QT-EN,QT,en,1,teaceremonykyoto.com,自社
QT-EN,QT,en,1,way-of-culture.com,自社
QT-EN,QT,en,3,tea-kyoto.com,自社
QT-EN,QT,en,3,teaceremonykyoto.com,自社
QT-EN,QT,en,4,mai-ko.com,自社
QT-EN,QT,en,4,tea-kyoto.com,自社
QT-EN,QT,en,6,mai-ko.com,自社
QT-EN,QT,en,6,teaceremonykyoto.com,自社
QT-EN,QT,en,8,mai-ko.com,自社
QT-EN,QT,en,8,tea-ceremony-kyoto.com,自社
QT-EN,QT,en,8,tea-kyoto.com,自社
QT-EN,QT,en,8,teaceremonykyoto.com,自社
QT-EN,QT,en,9,mai-ko.com,自社
QT-EN,QT,en,9,tea-kyoto.com,自社
QT-EN,QT,en,9,teaceremonykyoto.com,自社
QT-EN,QT,en,11,mai-ko.com,自社
QT-EN,QT,en,11,tea-kyoto.com,自社
QT-EN,QT,en,11,teaceremonykyoto.com,自社
QT-EN,QT,en,12,mai-ko.com,自社
QT-EN,QT,en,12,tea-kyoto.com,自社
QT-EN,QT,en,14,mai-ko.com,自社
QT-EN,QT,en,14,tea-kyoto.com,自社
QT-EN,QT,en,14,teaceremonykyoto.com,自社
QT-EN,QT,en,15,mai-ko.com,自社
QT-EN,QT,en,15,tea-kyoto.com,自社
QT-EN,QT,en,15,teaceremonykyoto.com,自社
QT-EN,QT,en,16,kyoto-nagomi-tea.com,自社
QT-EN,QT,en,16,mai-ko.com,自社
QT-EN,QT,en,16,tea-kyoto.com,自社
QT-EN,QT,en,16,teaceremonykyoto.com,自社
QT-EN,QT,en,18,mai-ko.com,自社
QT-EN,QT,en,18,tea-kyoto.com,自社
QT-EN,QT,en,18,teaceremonykyoto.com,自社
QT-EN,QT,en,18,way-of-culture.com,自社
QT-EN,QT,en,19,mai-ko.com,自社
QT-EN,QT,en,19,oboro.co,自社
QT-EN,QT,en,19,tea-kyoto.com,自社
QT-EN,QT,en,19,teaceremonykyoto.com,自社
QT-ZHS,QT,zh-Hans,1,japanwondertravel.com,自社
QT-ZHS,QT,zh-Hans,5,japanwondertravel.com,自社
QT-ZHS,QT,zh-Hans,5,mai-ko.com,自社
QT-ZHS,QT,zh-Hans,5,tea-kyoto.com,自社
QT-ZHS,QT,zh-Hans,9,chayu-kyoto.com,自社
QT-ZHS,QT,zh-Hans,9,kyoto-nagomi-tea.com,自社
QT-ZHS,QT,zh-Hans,9,mai-ko.com,自社
QT-ZHS,QT,zh-Hans,9,teaceremonykyoto.com,自社
QT-ZHS,QT,zh-Hans,11,kyoto-nagomi-tea.com,自社
QT-ZHS,QT,zh-Hans,11,tea-kyoto.com,自社
QT-ZHS,QT,zh-Hans,14,japanwondertravel.com,自社
QT-ZHS,QT,zh-Hans,15,mai-ko.com,自社
QT-ZHS,QT,zh-Hans,16,mai-ko.com,自社
QT-ZHS,QT,zh-Hans,16,teaceremonykyoto.com,自社
QT-ZHS,QT,zh-Hans,19,japanwondertravel.com,自社
QT-ZHT,QT,zh-Hant,1,joukeian.com,自社
QT-ZHT,QT,zh-Hant,1,kyoto-nagomi-tea.com,自社
QT-ZHT,QT,zh-Hant,1,mai-ko.com,自社
QT-ZHT,QT,zh-Hant,1,tea-kyoto.com,自社
QT-ZHT,QT,zh-Hant,2,kyoto-nagomi-tea.com,自社
QT-ZHT,QT,zh-Hant,2,mai-ko.com,自社
QT-ZHT,QT,zh-Hant,2,tea-kyoto.com,自社
QT-ZHT,QT,zh-Hant,5,kyoto-nagomi-tea.com,自社
QT-ZHT,QT,zh-Hant,5,mai-ko.com,自社
QT-ZHT,QT,zh-Hant,6,kyoto-nagomi-tea.com,自社
QT-ZHT,QT,zh-Hant,6,mai-ko.com,自社
QT-ZHT,QT,zh-Hant,7,kyoto-nagomi-tea.com,自社
QT-ZHT,QT,zh-Hant,7,mai-ko.com,自社
QT-ZHT,QT,zh-Hant,7,tea-ceremony-chisato.jimdofree.com,自社
QT-ZHT,QT,zh-Hant,8,chayu-kyoto.com,自社
QT-ZHT,QT,zh-Hant,8,kyoto-nagomi-tea.com,自社
QT-ZHT,QT,zh-Hant,8,mai-ko.com,自社
QT-ZHT,QT,zh-Hant,9,chayu-kyoto.com,自社
QT-ZHT,QT,zh-Hant,9,mai-ko.com,自社
QT-ZHT,QT,zh-Hant,10,mai-ko.com,自社
QT-ZHT,QT,zh-Hant,11,chayu-kyoto.com,自社
QT-ZHT,QT,zh-Hant,11,kyoto-nagomi-tea.com,自社
QT-ZHT,QT,zh-Hant,11,mai-ko.com,自社
QT-ZHT,QT,zh-Hant,13,chayu-kyoto.com,自社
QT-ZHT,QT,zh-Hant,13,kyoto-nagomi-tea.com,自社
QT-ZHT,QT,zh-Hant,13,mai-ko.com,自社
QT-ZHT,QT,zh-Hant,15,chayu-kyoto.com,自社
QT-ZHT,QT,zh-Hant,15,kyoto-nagomi-tea.com,自社
QT-ZHT,QT,zh-Hant,15,mai-ko.com,自社
QT-ZHT,QT,zh-Hant,15,tea-kyoto.com,自社
QT-ZHT,QT,zh-Hant,15,tripadvisor.com,OTA
QT-ZHT,QT,zh-Hant,16,chayu-kyoto.com,自社
QT-ZHT,QT,zh-Hant,16,mai-ko.com,自社
QT-ZHT,QT,zh-Hant,16,tea-ceremony-chisato.jimdofree.com,自社
QT-ZHT,QT,zh-Hant,16,tea-kyoto.com,自社
QT-ZHT,QT,zh-Hant,18,chayu-kyoto.com,自社
QT-ZHT,QT,zh-Hant,18,kyoto-nagomi-tea.com,自社
QT-ZHT,QT,zh-Hant,18,mai-ko.com,自社
QT-ZHT,QT,zh-Hant,18,tea-ceremony-chisato.jimdofree.com,自社
QT-ZHT,QT,zh-Hant,19,chayu-kyoto.com,自社
QT-ZHT,QT,zh-Hant,19,kyoto-nagomi-tea.com,自社
QT-ZHT,QT,zh-Hant,19,tea-ceremony-chisato.jimdofree.com,自社
QT-ZHT,QT,zh-Hant,19,tea-kyoto.com,自社
QT-ZHT,QT,zh-Hant,20,kyoto-nagomi-tea.com,自社
QT-ZHT,QT,zh-Hant,20,mai-ko.com,自社
QT-ZHT,QT,zh-Hant,20,tea-kyoto.com,自社
QK-EN,QK,en,2,aiwafuku.com,自社
QK-EN,QK,en,2,gion-nishiki.com,自社
QK-EN,QK,en,2,kyokomachi-kimono.com,自社
QK-EN,QK,en,2,kyotokimonorental.com,自社
QK-EN,QK,en,2,okamoto-kimono.com,自社
QK-EN,QK,en,9,aiwafuku.com,自社
QK-EN,QK,en,9,instagram.com,UGC
QK-EN,QK,en,9,kyoto.yumeyakata.com,自社
QK-EN,QK,en,9,okamoto-kimono.com,自社
QK-EN,QK,en,9,tekutekukyoto.com,自社
QK-EN,QK,en,9,vasara-h.co.jp,自社
QK-EN,QK,en,14,instagram.com,UGC
QK-EN,QK,en,14,klook.com,OTA
QK-EN,QK,en,14,kyotokimonorental.com,自社
QK-EN,QK,en,14,okamoto-kimono.com,自社
QK-EN,QK,en,14,vasara-h.co.jp,自社
QK-EN,QK,en,15,aiwafuku.com,自社
QK-EN,QK,en,15,kimono.vip,自社
QK-EN,QK,en,15,kyotokimonorental.com,自社
QK-EN,QK,en,18,ewha-yifu.com,自社
QK-EN,QK,en,18,kimono.vip,自社
QK-EN,QK,en,18,kyoto.yumeyakata.com,自社
QK-EN,QK,en,18,kyotokimonorental.com,自社
QK-EN,QK,en,18,okamoto-kimono.com,自社
QK-ZHS,QK,zh-Hans,2,kyoto.yumeyakata.com,自社
QK-ZHS,QK,zh-Hans,2,kyotokimonorental.com,自社
QK-ZHS,QK,zh-Hans,2,mocomoco-kimono.com,自社
QK-ZHS,QK,zh-Hans,4,kyotokimonorental.com,自社
QK-ZHS,QK,zh-Hans,4,mai-ko.com,自社
QK-ZHS,QK,zh-Hans,4,mocomoco-kimono.com,自社
QK-ZHS,QK,zh-Hans,4,rikokimono.com,自社
QK-ZHS,QK,zh-Hans,5,aiwafuku.com,自社
QK-ZHS,QK,zh-Hans,5,kyotokimonorental.com,自社
QK-ZHS,QK,zh-Hans,5,momokakimono.com,自社
QK-ZHS,QK,zh-Hans,5,okamoto-kimono.com,自社
QK-ZHS,QK,zh-Hans,7,kyoto.yumeyakata.com,自社
QK-ZHS,QK,zh-Hans,7,kyotokimonorental.com,自社
QK-ZHS,QK,zh-Hans,7,mocomoco-kimono.com,自社
QK-ZHS,QK,zh-Hans,7,okamoto-kimono.com,自社
QK-ZHS,QK,zh-Hans,7,slink-shiorikimono.com,自社
QK-ZHS,QK,zh-Hans,11,kyotokimonorental.com,自社
QK-ZHS,QK,zh-Hans,11,mocomoco-kimono.com,自社
QK-ZHS,QK,zh-Hans,11,momokakimono.com,自社
QK-ZHS,QK,zh-Hans,11,slink-shiorikimono.com,自社
QK-ZHS,QK,zh-Hans,15,gion-nishiki.com,自社
QK-ZHS,QK,zh-Hans,15,kyoto.yumeyakata.com,自社
QK-ZHS,QK,zh-Hans,15,slink-shiorikimono.com,自社
QK-ZHS,QK,zh-Hans,15,vasara-h.co.jp,自社
QK-ZHS,QK,zh-Hans,16,gion-nishiki.com,自社
QK-ZHS,QK,zh-Hans,16,kyoto.yumeyakata.com,自社
QK-ZHS,QK,zh-Hans,16,kyotokimonorental.com,自社
QK-ZHS,QK,zh-Hans,19,kyokomachi-kimono.com,自社
QK-ZHS,QK,zh-Hans,19,momokakimono.com,自社
QK-ZHS,QK,zh-Hans,19,vasara-h.co.jp,自社
QK-ZHS,QK,zh-Hans,19,waplus-kimono.com,自社
QK-ZHT,QK,zh-Hant,1,kyoto.yumeyakata.com,自社
QK-ZHT,QK,zh-Hant,1,kyotokimonorental.com,自社
QK-ZHT,QK,zh-Hant,1,mocomoco-kimono.com,自社
QK-ZHT,QK,zh-Hant,1,okamoto-kimono.com,自社
QK-ZHT,QK,zh-Hant,1,slink-shiorikimono.com,自社
QK-ZHT,QK,zh-Hant,2,kyoto.yumeyakata.com,自社
QK-ZHT,QK,zh-Hant,2,mocomoco-kimono.com,自社
QK-ZHT,QK,zh-Hant,2,slink-shiorikimono.com,自社
QK-ZHT,QK,zh-Hant,2,vasara-h.co.jp,自社
QK-ZHT,QK,zh-Hant,3,calendar.app.google,OTA
QK-ZHT,QK,zh-Hant,3,mocomoco-kimono.com,自社
QK-ZHT,QK,zh-Hant,3,okamoto-kimono.com,自社
QK-ZHT,QK,zh-Hant,3,vasara-h.co.jp,自社
QK-ZHT,QK,zh-Hant,4,kyoto.yumeyakata.com,自社
QK-ZHT,QK,zh-Hant,4,mai-ko.com,自社
QK-ZHT,QK,zh-Hant,4,mocomoco-kimono.com,自社
QK-ZHT,QK,zh-Hant,4,slink-shiorikimono.com,自社
QK-ZHT,QK,zh-Hant,4,vasara-h.co.jp,自社
QK-ZHT,QK,zh-Hant,9,andotkyoto.jp,自社
QK-ZHT,QK,zh-Hant,9,kyoto.yumeyakata.com,自社
QK-ZHT,QK,zh-Hant,9,mocomoco-kimono.com,自社
QK-ZHT,QK,zh-Hant,9,slink-shiorikimono.com,自社
QK-ZHT,QK,zh-Hant,9,vasara-h.co.jp,自社
QK-ZHT,QK,zh-Hant,11,mocomoco-kimono.com,自社
QK-ZHT,QK,zh-Hant,11,okamoto-kimono.com,自社
QK-ZHT,QK,zh-Hant,11,slink-shiorikimono.com,自社
QK-ZHT,QK,zh-Hant,11,waplus-kimono.com,自社
QK-ZHT,QK,zh-Hant,12,kyokomachi-kimono.com,自社
QK-ZHT,QK,zh-Hant,12,kyotokimonorental.com,自社
QK-ZHT,QK,zh-Hant,12,mocomoco-kimono.com,自社
QK-ZHT,QK,zh-Hant,12,vasara-h.co.jp,自社
QK-ZHT,QK,zh-Hant,14,andotkyoto.jp,自社
QK-ZHT,QK,zh-Hant,14,kyotokimonorental.com,自社
QK-ZHT,QK,zh-Hant,14,mocomoco-kimono.com,自社
QK-ZHT,QK,zh-Hant,14,okamoto-kimono.com,自社
QK-ZHT,QK,zh-Hant,16,kyotokimonorental.com,自社
QK-ZHT,QK,zh-Hant,17,aiwafuku.com,自社
QK-ZHT,QK,zh-Hant,17,kyolankimono.com,自社
QK-ZHT,QK,zh-Hant,17,mocomoco-kimono.com,自社
QK-ZHT,QK,zh-Hant,17,okamoto-kimono.com,自社
QK-ZHT,QK,zh-Hant,17,vasara-h.co.jp,自社
QK-ZHT,QK,zh-Hant,18,kyokomachi-kimono.com,自社
QK-ZHT,QK,zh-Hant,18,kyoto.yumeyakata.com,自社
QK-ZHT,QK,zh-Hant,18,kyotokimonorental.com,自社
QK-ZHT,QK,zh-Hant,18,mocomoco-kimono.com,自社
QK-ZHT,QK,zh-Hant,18,okamoto-kimono.com,自社
QK-ZHT,QK,zh-Hant,19,kimono.vip,自社
QK-ZHT,QK,zh-Hant,19,kiyomi-en-kyoto.com,自社
QK-ZHT,QK,zh-Hant,19,kyoto.yumeyakata.com,自社
QK-ZHT,QK,zh-Hant,20,andotkyoto.jp,自社
QK-ZHT,QK,zh-Hant,20,vasara-h.co.jp,自社
QZ-JA,QZ,ja,1,nanzenji.or.jp,自社
QZ-JA,QZ,ja,2,nanzenji.or.jp,自社
QZ-JA,QZ,ja,4,myoshinji.or.jp,自社
QZ-JA,QZ,ja,5,nanzenji.or.jp,自社
QZ-JA,QZ,ja,6,kenninji.jp,自社
QZ-JA,QZ,ja,6,myoshinji.or.jp,自社
QZ-JA,QZ,ja,6,ryosokuin.com,自社
QZ-JA,QZ,ja,10,kenninji.jp,自社
QZ-JA,QZ,ja,10,shunkoin.com,自社
QZ-JA,QZ,ja,11,kenninji.jp,自社
QZ-JA,QZ,ja,18,myoshinji.or.jp,自社
QZ-EN,QZ,en,1,jushoin.net,自社
QZ-EN,QZ,en,1,shunkoin.com,自社
QZ-EN,QZ,en,1,taizoin.com,自社
QZ-EN,QZ,en,2,ryosokuin.com,自社
QZ-EN,QZ,en,2,shunkoin.com,自社
QZ-EN,QZ,en,2,taizoin.com,自社
QZ-EN,QZ,en,4,jushoin.net,自社
QZ-EN,QZ,en,4,shunkoin.com,自社
QZ-EN,QZ,en,4,taizoin.com,自社
QZ-EN,QZ,en,5,jushoin.net,自社
QZ-EN,QZ,en,5,ryosokuin.com,自社
QZ-EN,QZ,en,5,shunkoin.com,自社
QZ-EN,QZ,en,5,taizoin.com,自社
QZ-EN,QZ,en,6,ars-kyotoyui.triplabo.jp,OTA
QZ-EN,QZ,en,6,jushoin.net,自社
QZ-EN,QZ,en,6,ryosokuin.com,自社
QZ-EN,QZ,en,6,shunkoin.com,自社
QZ-EN,QZ,en,6,taizoin.com,自社
QZ-EN,QZ,en,7,jushoin.net,自社
QZ-EN,QZ,en,7,koseiji.kyoto.jp,自社
QZ-EN,QZ,en,7,ryosokuin.com,自社
QZ-EN,QZ,en,7,shunkoin.com,自社
QZ-EN,QZ,en,8,jushoin.net,自社
QZ-EN,QZ,en,8,ryosokuin.com,自社
QZ-EN,QZ,en,8,shunkoin.com,自社
QZ-EN,QZ,en,8,taizoin.com,自社
QZ-EN,QZ,en,9,ryosokuin.com,自社
QZ-EN,QZ,en,9,shunkoin.com,自社
QZ-EN,QZ,en,9,taizoin.com,自社
QZ-EN,QZ,en,10,jushoin.net,自社
QZ-EN,QZ,en,10,ryosokuin.com,自社
QZ-EN,QZ,en,10,shunkoin.com,自社
QZ-EN,QZ,en,10,taizoin.com,自社
QZ-EN,QZ,en,11,jushoin.net,自社
QZ-EN,QZ,en,11,ryosokuin.com,自社
QZ-EN,QZ,en,11,shunkoin.com,自社
QZ-EN,QZ,en,12,daitokujidaijiin.com,自社
QZ-EN,QZ,en,12,jushoin.net,自社
QZ-EN,QZ,en,12,ryosokuin.com,自社
QZ-EN,QZ,en,12,shunkoin.com,自社
QZ-EN,QZ,en,12,taizoin.com,自社
QZ-EN,QZ,en,13,jushoin.net,自社
QZ-EN,QZ,en,13,shunkoin.com,自社
QZ-EN,QZ,en,13,taizoin.com,自社
QZ-EN,QZ,en,14,jushoin.net,自社
QZ-EN,QZ,en,14,rakuhoku-sekizanzenin.org,自社
QZ-EN,QZ,en,14,shunkoin.com,自社
QZ-EN,QZ,en,14,taizoin.com,自社
QZ-EN,QZ,en,15,jushoin.net,自社
QZ-EN,QZ,en,15,ryosokuin.com,自社
QZ-EN,QZ,en,15,shunkoin.com,自社
QZ-EN,QZ,en,15,taizoin.com,自社
QZ-EN,QZ,en,16,daisen-in.net,自社
QZ-EN,QZ,en,16,jushoin.net,自社
QZ-EN,QZ,en,16,ryosokuin.com,自社
QZ-EN,QZ,en,16,shunkoin.com,自社
QZ-EN,QZ,en,16,taizoin.com,自社
QZ-EN,QZ,en,17,kenninji.jp,自社
QZ-EN,QZ,en,17,ryosokuin.com,自社
QZ-EN,QZ,en,17,shunkoin.com,自社
QZ-EN,QZ,en,19,daisen-in.net,自社
QZ-EN,QZ,en,19,jushoin.net,自社
QZ-EN,QZ,en,19,ryosokuin.com,自社
QZ-EN,QZ,en,19,taizoin.com,自社
QZ-EN,QZ,en,20,jushoin.net,自社
QZ-EN,QZ,en,20,kenninji.jp,自社
QZ-EN,QZ,en,20,shunkoin.com,自社
QZ-ZHS,QZ,zh-Hans,2,jushoin.net,自社
QZ-ZHS,QZ,zh-Hans,2,ryosokuin.com,自社
QZ-ZHS,QZ,zh-Hans,2,taizoin.com,自社
QZ-ZHS,QZ,zh-Hans,3,jushoin.net,自社
QZ-ZHS,QZ,zh-Hans,3,taizoin.com,自社
QZ-ZHS,QZ,zh-Hans,7,daisen-in.net,自社
QZ-ZHS,QZ,zh-Hans,7,jushoin.net,自社
QZ-ZHS,QZ,zh-Hans,7,myoshinji.or.jp,自社
QZ-ZHS,QZ,zh-Hans,8,ryosokuin.com,自社
QZ-ZHS,QZ,zh-Hans,10,kenninji.jp,自社
QZ-ZHS,QZ,zh-Hans,10,myoshinji.or.jp,自社
QZ-ZHS,QZ,zh-Hans,10,nanzenji.or.jp,自社
QZ-ZHS,QZ,zh-Hans,10,shunkoin.com,自社
QZ-ZHS,QZ,zh-Hans,11,daisen-in.net,自社
QZ-ZHS,QZ,zh-Hans,11,kenninji.jp,自社
QZ-ZHS,QZ,zh-Hans,11,nanzenji.or.jp,自社
QZ-ZHS,QZ,zh-Hans,11,shunkoin.com,自社
QZ-ZHS,QZ,zh-Hans,14,kenninji.jp,自社
QZ-ZHS,QZ,zh-Hans,14,nanzenji.or.jp,自社
QZ-ZHS,QZ,zh-Hans,16,nanzenji.or.jp,自社
QZ-ZHS,QZ,zh-Hans,19,myoshinji.or.jp,自社
QZ-ZHS,QZ,zh-Hans,20,myoshinji.or.jp,自社
QZ-ZHT,QZ,zh-Hant,2,kenninji.jp,自社
QZ-ZHT,QZ,zh-Hant,3,jushoin.net,自社
QZ-ZHT,QZ,zh-Hant,3,ryosokuin.com,自社
QZ-ZHT,QZ,zh-Hant,3,taizoin.com,自社
QZ-ZHT,QZ,zh-Hant,4,daisen-in.net,自社
QZ-ZHT,QZ,zh-Hant,4,shunkoin.com,自社
QZ-ZHT,QZ,zh-Hant,7,taizoin.com,自社
QZ-ZHT,QZ,zh-Hant,8,kenninji.jp,自社
QZ-ZHT,QZ,zh-Hant,11,shourin-ji.org,自社
QZ-ZHT,QZ,zh-Hant,11,shunkoin.com,自社
QZ-ZHT,QZ,zh-Hant,11,taizoin.com,自社
QZ-ZHT,QZ,zh-Hant,12,ryosokuin.com,自社
QZ-ZHT,QZ,zh-Hant,14,kenninji.jp,自社
QZ-ZHT,QZ,zh-Hant,14,nanzenji.or.jp,自社
QZ-ZHT,QZ,zh-Hant,15,jushoin.net,自社
QZ-ZHT,QZ,zh-Hant,15,shourin-ji.org,自社
QZ-ZHT,QZ,zh-Hant,15,shunkoin.com,自社
QZ-ZHT,QZ,zh-Hant,17,kenninji.jp,自社
QZ-ZHT,QZ,zh-Hant,17,nanzenji.or.jp,自社
QZ-ZHT,QZ,zh-Hant,17,taizoin.com,自社
QZ-ZHT,QZ,zh-Hant,18,daisen-in.net,自社
QZ-ZHT,QZ,zh-Hant,18,ryosokuin.com,自社
