cell,source_type,count,pct
QT-JA,公共,22,50.0
QT-JA,自社,19,43.2
QT-JA,メディア,3,6.8
QT-EN,メディア,42,58.3
QT-EN,公共,23,31.9
QT-EN,自社,7,9.7
QT-ZHT,自社,26,40.0
QT-ZHT,メディア,20,30.8
QT-ZHT,公共,19,29.2
QT-ZHS,公共,21,38.2
QT-ZHS,メディア,19,34.5
QT-ZHS,自社,15,27.3
QK-JA,メディア,29,78.4
QK-JA,公共,6,16.2
QK-JA,自社,2,5.4
QK-EN,自社,27,45.8
QK-EN,メディア,24,40.7
QK-EN,OTA,8,13.6
QK-ZHT,自社,26,49.1
QK-ZHT,公共,15,28.3
QK-ZHT,メディア,12,22.6
QK-ZHS,メディア,24,57.1
QK-ZHS,公共,12,28.6
QK-ZHS,OTA,4,9.5
QK-ZHS,自社,2,4.8
QZ-JA,公共,28,45.9
QZ-JA,自社,26,42.6
QZ-JA,ディレクトリ,7,11.5
QZ-EN,公共,14,35.0
QZ-EN,ディレクトリ,10,25.0
QZ-EN,メディア,7,17.5
QZ-EN,自社,7,17.5
QZ-EN,OTA,2,5.0
QZ-ZHT,公共,37,58.7
QZ-ZHT,自社,19,30.2
QZ-ZHT,ディレクトリ,7,11.1
QZ-ZHS,公共,31,54.4
QZ-ZHS,自社,19,33.3
QZ-ZHS,ディレクトリ,6,10.5
QZ-ZHS,メディア,1,1.8
